{"de": {"o": 0.025939481210375787, "n": 0.0977580448391032, "x": 0.00033999320013599726, "p": 0.006699866002679946, "w": 0.019209615807683846, "u": 0.041659166816663665, "m": 0.025339493210135792, "v": 0.008459830803383932, "h": 0.04576908461830763, "\u00e4": 0.005779884402311953, "s": 0.07269854602907941, "k": 0.014169716605667885, "g": 0.030089398212035753, "c": 0.027319453610927778, "t": 0.0615387692246155, "\u00fc": 0.00994980100397992, "f": 0.016559668806623865, "i": 0.06549869002619947, "d": 0.05075898482030359, "e": 0.16395672086558266, "\u00df": 0.003069938601227975, "y": 0.00038999220015599684, "z": 0.011339773204535906, "\u00f6": 0.004429911401771964, "b": 0.018859622807543844, "r": 0.07002859942801143, "q": 0.0001799964000719985, "l": 0.03436931261374772, "a": 0.06515869682606347, "j": 0.0026799464010719785}, "it": {"o": 0.09831311808173428, "n": 0.06882518223724339, "x": 2.999790014698971e-05, "p": 0.03055786094973352, "w": 0.00032997690161688684, "u": 0.030107892447528675, "m": 0.025118241723079384, "v": 0.020968532202745808, "h": 0.006359554831161819, "s": 0.04980651354405192, "k": 8.999370044096912e-05, "\u00f2": 1.9998600097993142e-05, "g": 0.016438849280550363, "c": 0.04500684952053356, "t": 0.05622606417550772, "\u00e0": 0.006349555531112822, "i": 0.10142290039697222, "d": 0.03735738498305119, "e": 0.11791174617776755, "f": 0.011529192956493045, "l": 0.06509544331896766, "y": 0.00019998600097993142, "z": 0.01180917335786495, "\u00f9": 0.0016598838081334306, "b": 0.00926935114541982, "r": 0.06366554341196116, "q": 0.005049646524743268, "\u00e8": 0.002629815912886098, "\u00ec": 0.0002999790014698971, "a": 0.11744177907546471, "j": 0.00010999230053896226}, "es": {"o": 0.08682999999999999, "n": 0.06711999999999999, "x": 0.0021499999999999996, "p": 0.02509999999999999, "\u00e9": 0.004329999999999999, "u": 0.029269999999999994, "m": 0.031569999999999994, "v": 0.011379999999999998, "h": 0.007029999999999998, "\u00f1": 0.003109999999999999, "\u00fa": 0.0016799999999999996, "\u00e1": 0.005019999999999999, "s": 0.07977, "k": 0.00010999999999999996, "\u00ed": 0.007249999999999998, "\u00f3": 0.008269999999999998, "\u00fc": 0.00011999999999999998, "t": 0.04631999999999999, "c": 0.04019, "f": 0.006919999999999997, "i": 0.062469999999999984, "d": 0.050099999999999985, "w": 0.00016999999999999999, "e": 0.12180999999999996, "y": 0.010079999999999999, "z": 0.00467, "b": 0.022149999999999996, "r": 0.06871, "q": 0.008769999999999998, "l": 0.049669999999999985, "g": 0.017679999999999998, "a": 0.11524999999999998, "j": 0.0049299999999999995}, "nl": {"o": 0.06053496011262319, "n": 0.10016274449114891, "x": 0.0003594356859730224, "p": 0.015675389638267923, "w": 0.015176173407749835, "u": 0.01986880597461985, "m": 0.022095310362730516, "v": 0.028455325139530942, "h": 0.023762692572660924, "s": 0.03724153079664927, "k": 0.022444761724093182, "g": 0.03397665664906098, "c": 0.012400531166069274, "t": 0.06779356410435618, "f": 0.008037381311341196, "i": 0.0648881256427409, "d": 0.05923699791327617, "e": 0.18880357838194037, "y": 0.00034945136136266074, "z": 0.013878211208402809, "b": 0.015815170182812987, "r": 0.06400950507702907, "q": 8.98589214932556e-05, "l": 0.03562407020977067, "a": 0.07474265403316793, "j": 0.01457711393112813}, "cs": {"o": 0.05613775448982039, "n": 0.08825646974121033, "x": 0.0003099876004959801, "p": 0.01841926322947082, "w": 0.0009399624015039396, "u": 0.05007799688012478, "m": 0.03201871925122994, "v": 0.022499100035998552, "h": 0.01850925962961481, "\u00e4": 0.035768569257229696, "s": 0.07861685532578694, "k": 0.0497280108795648, "g": 0.003919843206271748, "c": 0.0028098876044958198, "t": 0.08749650013999437, "\u00e5": 2.9998800047998072e-05, "f": 0.0019399224031038755, "i": 0.10816567337306505, "d": 0.01042958281668733, "e": 0.07967681292748288, "y": 0.01744930202791888, "z": 0.0005099796008159671, "\u00f6": 0.004439822407103715, "b": 0.0028098876044958198, "r": 0.028718851245950153, "q": 0.00012999480020799164, "l": 0.0576076956921723, "a": 0.12216511339546415, "j": 0.020419183232670685}, "fi": {"o": 0.021660433208664176, "n": 0.07711154223084463, "x": 0.00046000920018400375, "p": 0.007890157803156066, "\u00e9": 0.006470129402588053, "u": 0.04562091241824837, "\u00fe": 0.014550291005820119, "m": 0.04041080821616433, "v": 0.024370487409748197, "h": 0.018710374207484153, "\u00fa": 0.00613012260245205, "\u00e1": 0.017990359807196144, "s": 0.05630112602252045, "i": 0.07578151563031262, "k": 0.03314066281325627, "\u00ed": 0.01570031400628013, "\u00f3": 0.00994019880397608, "\u00e6": 0.008670173403468071, "t": 0.04953099061981241, "\u00fd": 0.0022800456009120186, "f": 0.030130602612052245, "\u00f0": 0.043930878617572354, "d": 0.015750315006300128, "e": 0.06418128362567252, "y": 0.009000180003600075, "\u00f6": 0.007770155403108063, "b": 0.010430208604172085, "r": 0.0858117162343247, "l": 0.045320906418128366, "g": 0.04241084821696434, "a": 0.10110202204044082, "j": 0.011440228804576092}, "is": {"o": 0.04636046360463605, "n": 0.07240072400724008, "x": 0.00028000280002800034, "p": 0.017560175601756017, "w": 0.0006900069000690008, "u": 0.01979019790197902, "m": 0.03237032370323704, "v": 0.023320233202332022, "h": 0.016210162101621017, "s": 0.05805058050580506, "k": 0.03395033950339504, "g": 0.04077040770407704, "\u00e6": 0.00872008720087201, "c": 0.005650056500565006, "t": 0.06862068620686207, "\u00e5": 0.011900119001190012, "f": 0.024060240602406028, "i": 0.06000060000600006, "d": 0.05858058580585806, "e": 0.15453154531545316, "y": 0.006980069800698006, "z": 0.0003400034000340004, "b": 0.02000020000200002, "r": 0.0895608956089561, "q": 7.000070000700009e-05, "\u00f8": 0.00939009390093901, "l": 0.05229052290522906, "a": 0.06025060250602507, "j": 0.007300073000730008}, "sv": {"o": 0.04482044820448205, "n": 0.08542085420854209, "x": 0.0015900159001590018, "p": 0.01839018390183902, "w": 0.0014200142001420013, "u": 0.019190191901919017, "m": 0.03471034710347103, "v": 0.024150241502415026, "h": 0.020900209002090022, "\u00e4": 0.01797017970179702, "s": 0.06590065900659008, "k": 0.031400314003140035, "g": 0.02862028620286203, "c": 0.014860148601486016, "t": 0.07691076910769107, "\u00e5": 0.013380133801338016, "f": 0.02027020270202702, "i": 0.058170581705817064, "d": 0.04702047020470205, "e": 0.1014910149101491, "y": 0.007080070800708007, "z": 0.0007000070000700009, "\u00f6": 0.013050130501305013, "b": 0.015350153501535015, "r": 0.08431084310843108, "q": 0.0002000020000200002, "l": 0.05275052750527506, "a": 0.09383093830938309, "j": 0.006140061400614006}, "en": {"o": 0.0750707507075071, "n": 0.06749067490674908, "x": 0.001500015000150002, "p": 0.019290192901929026, "w": 0.02360023600236003, "u": 0.027580275802758035, "m": 0.02406024060240603, "v": 0.009780097800978013, "h": 0.06094060940609408, "s": 0.06327063270632707, "k": 0.007720077200772011, "g": 0.020150201502015026, "c": 0.027820278202782038, "t": 0.09056090560905611, "f": 0.02228022280222803, "i": 0.06966069660696608, "d": 0.04253042530425305, "e": 0.12702127021270215, "y": 0.019740197401974025, "z": 0.0007400074000740009, "b": 0.014920149201492018, "r": 0.05987059870598708, "q": 0.0009500095000950012, "l": 0.040250402504025055, "a": 0.0816708167081671, "j": 0.0015300153001530019}, "pt": {"o": 0.09731107556977209, "n": 0.0444422231107557, "x": 0.002528988404638145, "p": 0.025219912035185928, "\u00e2": 0.005617752898840465, "w": 0.00036985205917632947, "u": 0.03637544982007197, "m": 0.0473610555777689, "v": 0.015743702518992403, "h": 0.00780687724910036, "\u00fa": 0.002069172331067573, "\u00e1": 0.0011795281887245102, "\u00f4": 0.006347461015593763, "\u00e3": 0.007327069172331067, "s": 0.06802279088364654, "k": 0.00014994002399040384, "\u00ed": 0.0013194722111155538, "\u00f3": 0.0029588164734106357, "\u00e7": 0.005297880847660936, "\u00fc": 0.00025989604158336665, "t": 0.043342662934826075, "c": 0.03880447820871651, "\u00e0": 0.0007197121151539384, "i": 0.06183526589364254,